{
  "id": "myriad",
  "title": "myriad",
  "version": "1.0.2",
  "manifest": "https://github.com/Dicetroll/myarchive/releases/latest/download/module.json",
  "download": "https://github.com/Dicetroll/myarchive/releases/download/1.0.2/module.zip",
  "compatibility": {
    "minimum": "12",
    "verified": "12"
  },
  "authors": [
    {
      "name": "js",
      "url": "dieroll.net",
      "discord": "js",
      "flags": {}
    }
  ],
  "packs": [
    {
      "name": "myriad-journals",
      "label": "myriad-journals",
      "path": "packs/myriad-journals",
      "type": "JournalEntry",
      "ownership": {
        "PLAYER": "OBSERVER",
        "ASSISTANT": "OWNER"
      },
      "system": "dnd5e",
      "flags": {}
    },
    {
      "name": "myriad-actors",
      "label": "myriad-actors",
      "path": "packs/myriad-actors",
      "type": "Actor",
      "ownership": {
        "PLAYER": "OBSERVER",
        "ASSISTANT": "OWNER"
      },
      "system": "dnd5e",
      "flags": {}
    },
    {
      "name": "myriad-items",
      "label": "myriad-items",
      "path": "packs/myriad-items",
      "type": "Item",
      "ownership": {
        "PLAYER": "OBSERVER",
        "ASSISTANT": "OWNER"
      },
      "system": "dnd5e",
      "flags": {}
    },
    {
      "name": "myriad-rolltables",
      "label": "myriad-rolltables",
      "path": "packs/myriad-rolltables",
      "type": "RollTable",
      "ownership": {
        "PLAYER": "OBSERVER",
        "ASSISTANT": "OWNER"
      },
      "system": "dnd5e",
      "flags": {}
    },
    {
      "name": "myriad-scenes",
      "label": "myriad-scenes",
      "path": "packs/myriad-scenes",
      "type": "Scene",
      "ownership": {
        "PLAYER": "OBSERVER",
        "ASSISTANT": "OWNER"
      },
      "system": "dnd5e",
      "flags": {}
    },
    {
      "name": "myriad-adventures",
      "label": "myriad-adventures",
      "path": "packs/myriad-adventures",
      "type": "Adventure",
      "ownership": {
        "PLAYER": "OBSERVER",
        "ASSISTANT": "OWNER"
      },
      "system": "dnd5e",
      "flags": {}
    },
    {
      "name": "myriad-playlists",
      "label": "myriad-playlists",
      "path": "packs/myriad-playlists",
      "type": "Playlist",
      "ownership": {
        "PLAYER": "OBSERVER",
        "ASSISTANT": "OWNER"
      },
      "system": "dnd5e",
      "flags": {}
    }
  ]
}